timestamp,E,F,G,H,I,J,S,T,U,V,W,L,total_signal,GR,ARI,NDVI,NDWI,T_over_S,U_over_S
2025-09-30T17:46:57,260.3515625,408.1066080729167,176.29566955566406,400.8540344238281,434.5141194661458,227.5993906656901,2432.5419108072915,966.8373413085938,558.6662801106771,426.49123128255206,264.9777526855469,28.938871383666992,6586.174772262572,0.12801504765636568,0.0012786041992225126,-0.7511158417235311,0.8030810848123227,0.3974596848724912,0.22966357850963878
2025-09-30T17:46:59,259.4233907063802,406.5438537597656,175.78466796875,399.56923421223956,432.6925557454427,228.13586934407553,2430.0909016927085,960.8523966471354,555.0403849283854,425.6614685058594,263.49329630533856,28.938871383666992,6566.226891199748,0.12770315976477242,0.0013054254810750563,-0.7516262506906641,0.8020814767926436,0.39539771782933814,0.22840313691218936
2025-09-30T17:47:01,258.9593200683594,406.3205973307292,175.44400024414062,399.40863037109375,432.4123128255208,225.45349629720053,2376.866943359375,943.7137654622396,545.8362223307291,423.17223103841144,262.37994384765625,28.938871383666992,6478.906334559122,0.13043773353395688,0.0012643199257966085,-0.7479256773328076,0.8013250784321093,0.39704105780882704,0.22964525795426505
2025-09-30T17:47:03,258.72727457682294,405.87408447265625,175.27366638183594,398.9268493652344,432.132080078125,222.77112325032553,2330.996337890625,929.2955322265625,537.7476603190104,421.5127258300781,260.52435302734375,28.938871383666992,6402.720558802287,0.13286184266569584,0.0012164514798071666,-0.7447480234310422,0.8000514818934201,0.39866880832061047,0.23069433940236528
2025-09-30T17:47:06,258.26318359375,405.2043151855469,175.27366638183594,398.9268493652344,431.99195353190106,220.6252237955729,2298.0816243489585,917.5977376302084,531.6115315755209,420.12982177734375,259.78212483723956,28.938871383666992,6346.426903406778,0.1346414332516361,0.0011727903156311306,-0.7422660134872047,0.799537465148359,0.39928857526553774,0.23132839405829428
2025-09-30T17:47:08,258.03113810221356,405.2043151855469,175.27366638183594,398.4450378417969,431.4314676920573,218.88168334960938,2274.2709147135415,909.70849609375,526.8699951171875,419.0234680175781,259.0398864746094,28.938871383666992,6305.118940353394,0.1359726043969563,0.0011366853078373313,-0.7405339295271856,0.7990207916799978,0.4000000572527805,0.23166545010472073
2025-09-30T17:47:10,257.79909261067706,404.5345764160156,174.93299865722656,398.4450378417969,431.4314676920573,217.27225748697916,2256.0626627604165,902.907470703125,523.5230305989584,418.1937255859375,258.2976379394531,28.617328643798828,6272.017286936441,0.13693233414156977,0.0011139539393932463,-0.7392401851716882,0.8005170034551324,0.4002138263297918,0.23205163546228774
2025-09-30T17:47:12,257.5670471191406,404.5345764160156,174.76266479492188,398.4450378417969,431.2913513183594,216.33342488606772,2241.706298828125,898.2827555338541,521.0127766927084,417.3639831542969,258.2976379394531,28.295785903930664,6247.89334042867,0.1377644037064139,0.0010995517680514712,-0.7380686563344471,0.802537088782654,0.4007138473061528,0.23241794742026337
2025-09-30T17:47:14,257.5670471191406,404.5345764160156,174.76266479492188,398.1238505045573,431.15122477213544,215.2604777018229,2230.151123046875,894.4741414388021,518.7814737955729,417.3639831542969,258.2976379394531,27.9742431640625,6228.442443847656,0.13844220309466868,0.0010765113466044331,-0.7368900410649702,0.804561712060382,0.40108229984735494,0.23262166784769445
2025-09-30T17:47:17,257.5670471191406,404.5345764160156,174.76266479492188,398.1238505045573,431.01109822591144,214.4557647705078,2220.69677734375,891.2096354166666,516.8290608723959,416.53424072265625,257.1842956542969,27.9742431640625,6210.883255004883,0.13903160389054176,0.0010590796782132946,-0.7365772149729166,0.8037986638591835,0.40131982200769994,0.2327328368939196
2025-09-30T17:47:19,256.8709411621094,404.0880635579427,174.76266479492188,398.4450378417969,430.73085530598956,213.78516642252603,2212.993408203125,888.2172037760416,515.4345092773438,416.53424072265625,257.1842956542969,27.9742431640625,6197.0206298828125,0.13942277265512418,0.0010444529501881421,-0.7357813874445643,0.8037986638591835,0.40136459534113283,0.23291280822018307
2025-09-30T17:47:21,256.8709411621094,403.86480712890625,174.76266479492188,398.1238505045573,430.5907389322917,213.11457316080728,2205.990234375,886.3128865559896,513.4820760091146,415.98105875651044,257.1842956542969,27.9742431640625,6184.252370198567,0.1398036859329076,0.001029734283572654,-0.7352424580059009,0.8037986638591835,0.4017755259044015,0.23276715735534256
2025-09-30T17:47:23,256.8709411621094,403.86480712890625,174.76266479492188,397.9632568359375,430.5907389322917,212.5781046549479,2200.03759765625,883.3204142252604,512.6453450520834,415.7044677734375,257.1842956542969,27.9742431640625,6173.496877034505,0.14016370347896664,0.0010178926245362433,-0.7347157326957109,0.8037986638591835,0.4015024175797185,0.23301662916952695
2025-09-30T17:47:26,256.8709411621094,403.86480712890625,174.76266479492188,397.9632568359375,430.5907389322917,212.17574564615884,2195.4855143229165,881.4161376953125,511.2507731119792,415.7044677734375,257.1842956542969,27.9742431640625,6165.243586222331,0.14045431658225632,0.0010089719137011156,-0.7342387858048505,0.8037986638591835,0.4014675259504682,0.2328645622012441
2025-09-30T17:47:28,256.8709411621094,403.86480712890625,174.76266479492188,397.9632568359375,430.45062255859375,211.63926696777344,2190.9335123697915,879.7838745117188,509.85619099934894,415.4278869628906,256.8131815592448,27.9742431640625,6156.340449015299,0.14074613206629433,0.0009970248692250695,-0.7339823145379947,0.8035429886608118,0.40155662850768725,0.23271185004964864
2025-09-30T17:47:30,256.8709411621094,403.4182942708333,174.76266479492188,397.9632568359375,430.5907389322917,211.37102762858072,2187.431884765625,878.1516316731771,509.85619099934894,414.8747253417969,256.0709533691406,27.9742431640625,6149.336552937825,0.14092040598511196,0.0009910286049820173,-0.7340582574141101,0.8030296339773344,0.40145324651664194,0.2330843737582156
2025-09-30T17:47:35,257.33502197265625,404.53456624348956,175.10333251953125,398.9268391927083,432.132080078125,210.56632486979166,2178.3277994791665,874.0710042317709,507.62488810221356,415.4278869628906,256.4420674641927,27.9742431640625,6138.466054280599,0.14184042459356738,0.0009618161157013286,-0.73277655754389,0.8032866462386112,0.4012577925327673,0.23303420551470058
2025-09-30T17:47:38,256.63889567057294,403.86480712890625,174.76266479492188,398.1238505045573,430.87098185221356,210.83456420898438,2181.4791666666665,875.7032470703125,508.18271891276044,414.8747253417969,256.0709533691406,27.9742431640625,6139.380818684896,0.14134792540599844,0.000978990646415709,-0.7334292918158103,0.8030296339773344,0.4014263626493396,0.23295327623470793
2025-09-30T17:47:40,256.1748046875,403.1950378417969,174.76266479492188,397.9632568359375,430.73085530598956,210.83456420898438,2179.0281575520835,874.3430379231771,507.90380859375,414.8747253417969,256.0709533691406,27.9742431640625,6133.856109619141,0.14135840327372026,0.000978990646415709,-0.7331694520956257,0.8030296339773344,0.4012536666370629,0.2330873085937211
2025-09-30T17:47:42,256.1748046875,403.1950378417969,174.76266479492188,397.8026529947917,430.17038981119794,210.4322052001953,2176.2268880208335,873.7989501953125,507.0670471191406,414.8747253417969,256.0709533691406,27.9742431640625,6128.55056254069,0.14152191197299654,0.000969921639926527,-0.7328718590849229,0.8030296339773344,0.40152015169244953,0.23300284079308112
2025-09-30T17:47:44,256.1748046875,403.1950378417969,174.76266479492188,397.6420491536458,430.3105061848958,210.29808553059897,2174.1258951822915,873.7989501953125,507.62488810221356,414.59814453125,256.0709533691406,27.9742431640625,6126.57622273763,0.141640205749744,0.0009668909259661802,-0.732743706134711,0.8030296339773344,0.4019081655444098,0.2334845876345405
2025-09-30T17:47:46,256.1748046875,403.1950378417969,174.76266479492188,397.8026529947917,430.3105061848958,210.02984619140625,2172.725341796875,872.9828287760416,506.7881368001302,414.3215637207031,256.0709533691406,27.9742431640625,6123.138580322266,0.14174998751800152,0.0009608178860285562,-0.7326900023515576,0.8030296339773344,0.4017916171834551,0.23324997736759914
2025-09-30T17:47:49,256.1748046875,403.1950378417969,174.5923309326172,397.4814453125,430.3105061848958,210.02984619140625,2171.32470703125,872.4387410481771,506.7881368001302,414.04498291015625,256.0709533691406,27.9742431640625,6120.425735473632,0.14178483010702128,0.0009664003659885746,-0.7326362239422977,0.8030296339773344,0.4018002181907751,0.23340043760338255
2025-09-30T17:47:51,256.1748046875,403.1950378417969,174.76266479492188,397.4814453125,430.45062255859375,209.76160685221353,2170.274169921875,872.4387410481771,507.0670471191406,414.04498291015625,256.0709533691406,27.9742431640625,6119.696319580078,0.1418730833304179,0.0009547293139042347,-0.7325241128316852,0.8030296339773344,0.4019947125296077,0.23364193065864758
2025-09-30T17:47:53,256.1748046875,403.1950378417969,174.76266479492188,397.8026529947917,430.3105061848958,209.6274871826172,2169.9239908854165,871.3505859375,505.3935546875,414.04498291015625,256.0709533691406,27.9742431640625,6116.631464640299,0.14193298538262752,0.0009516791846392626,-0.7324867215650108,0.8030296339773344,0.40155811429226784,0.23290841375567217
2025-09-30T17:47:55,256.1748046875,403.1950378417969,174.76266479492188,397.6420491536458,430.17038981119794,209.6274871826172,2168.5234375,871.0785522460938,505.95139567057294,414.3215637207031,256.0709533691406,27.9742431640625,6115.492579142253,0.14200613827558234,0.0009516791846392626,-0.7322413854279095,0.8030296339773344,0.4016920164120171,0.23331608361764497
2025-09-30T17:47:57,256.1748046875,403.1950378417969,174.76266479492188,397.6420491536458,430.3105061848958,209.6274871826172,2167.8231608072915,871.8946533203125,506.2303059895833,414.04498291015625,256.0709533691406,27.9742431640625,6115.750849405924,0.14205201083135802,0.0009516791846392626,-0.732262180361222,0.8030296339773344,0.40219823696118334,0.23352011139186488
2025-09-30T17:48:00,256.1748046875,402.97179158528644,174.5923309326172,397.6420491536458,430.0302734375,209.49336751302084,2167.122802734375,870.2624104817709,505.95139567057294,414.04498291015625,256.0709533691406,27.9742431640625,6112.331405639648,0.14205251483733985,0.0009542076298901022,-0.7321872407942683,0.8030296339773344,0.4015750327502042,0.23346687831081236
2025-09-30T17:48:02,256.1748046875,402.74854532877606,174.2516632080078,397.4814453125,430.0302734375,209.22512817382812,2166.072265625,870.5344441731771,505.95139567057294,414.04498291015625,256.0709533691406,27.9742431640625,6110.560145060222,0.14203778863556168,0.0009592855158120717,-0.7320747527526176,0.8030296339773344,0.4018953836343925,0.23358010889105094
2025-09-30T17:48:04,255.94275919596353,402.5252990722656,174.76266479492188,397.4814453125,430.17038981119794,209.22512817382812,2165.72216796875,869.7183227539062,505.3935546875,414.04498291015625,256.0709533691406,27.9742431640625,6109.031911214192,0.1420671804742557,0.0009425053341370043,-0.7320372444568033,0.8030296339773344,0.40158351593622127,0.2333602906976351
2025-09-30T17:48:06,255.7107137044271,402.74854532877606,174.5923309326172,397.4814453125,430.0302734375,209.22512817382812,2165.02197265625,869.7183227539062,504.8357340494792,414.04498291015625,256.0709533691406,27.9742431640625,6107.4546457926435,0.14209244188046138,0.0009480878140970227,-0.7319621963504231,0.8030296339773344,0.4017133930917362,0.23317811108868325
2025-09-30T17:48:09,255.7107137044271,402.5252990722656,174.4219970703125,397.4814453125,430.0302734375,209.22512817382812,2164.3216145833335,869.9903564453125,505.3935546875,414.04498291015625,255.69983418782553,27.9742431640625,6106.819442749023,0.14209295962193758,0.0009536811973305829,-0.7320156774948717,0.8027719457117584,0.40196907455124203,0.23351130039183032
2025-09-30T17:48:11,255.47866821289062,402.5252990722656,174.4219970703125,397.4814453125,430.0302734375,209.22512817382812,2163.971435546875,869.7183227539062,505.11464436848956,414.04498291015625,256.0709533691406,27.9742431640625,6106.057393391927,0.14208914561725128,0.0009536811973305829,-0.7318495191410098,0.8030296339773344,0.4019084117596555,0.23342019957894586
2025-09-30T17:48:13,255.47866821289062,402.5252990722656,174.4219970703125,397.4814453125,430.0302734375,209.22512817382812,2160.8199869791665,869.7183227539062,505.3935546875,414.04498291015625,255.3287150065104,27.9742431640625,6102.442616780599,0.14229637557492508,0.0009536811973305829,-0.7317684374664517,0.8025135823169233,0.40249457520511706,0.23388970748740706
2025-09-30T17:48:15,255.47866821289062,402.5252990722656,174.2516632080078,397.6420491536458,430.0302734375,209.22512817382812,2163.2710774739585,868.9022013346354,505.11464436848956,414.04498291015625,256.0709533691406,27.9742431640625,6104.531183878581,0.1421340224595148,0.0009592855158120717,-0.7317743483566186,0.8030296339773344,0.40166126676516584,0.2334957692673031
2025-09-30T17:48:17,255.47866821289062,402.5252990722656,174.2516632080078,397.4814453125,430.17038981119794,209.22512817382812,2162.2205403645835,868.6301472981771,504.8357340494792,414.04498291015625,255.69983418782553,27.9742431640625,6102.538075764974,0.14218451041981955,0.0009592855158120717,-0.731790193316844,0.8027719457117584,0.40173059643199616,0.2334802230508624
2025-09-30T17:48:20,255.47866821289062,402.5252990722656,174.4219970703125,397.4814453125,430.17038981119794,209.09101359049478,2162.5707194010415,868.9021809895834,504.8357340494792,414.04498291015625,255.3287150065104,27.9742431640625,6102.825388590495,0.14218117801121102,0.0009506155175171959,-0.7319564844260635,0.8025135823169233,0.40179133713150417,0.23344241625046208
2025-09-30T17:48:22,255.47866821289062,402.5252990722656,174.2516632080078,397.4814453125,430.17038981119794,209.22512817382812,2162.5707194010415,868.6301472981771,504.8357340494792,414.04498291015625,255.69983418782553,27.9742431640625,6102.888254801432,0.14216148687917352,0.0009592855158120717,-0.7318278003600722,0.8027719457117584,0.4016655453185633,0.23344241625046208
2025-09-30T17:48:24,255.47866821289062,402.5252990722656,174.2516632080078,397.4814453125,430.1703796386719,208.82278442382812,2161.870361328125,868.3580932617188,504.55682373046875,414.04498291015625,255.69983418782553,27.9742431640625,6101.2345784505205,0.14220754141915642,0.0009500766629377023,-0.7317525757245128,0.8027719457117584,0.40166982664411527,0.2333890286652059
2025-09-30T17:48:26,255.47866821289062,402.5252990722656,174.4219970703125,397.4814453125,430.03026326497394,209.09101359049478,2161.520263671875,868.6301472981771,504.2779032389323,413.7684020996094,255.3287150065104,27.9742431640625,6100.5283610026045,0.14225027522743042,0.0009506155175171959,-0.7319396359793866,0.8025135823169233,0.40186074676098327,0.23329779124174946
2025-09-30T17:48:28,255.47866821289062,402.5252990722656,174.4219970703125,397.4814453125,430.17038981119794,208.95689900716147,2161.170166015625,868.3581136067709,503.9989827473958,414.04498291015625,255.69983418782553,27.9742431640625,6100.281021118163,0.14227331898804732,0.0009475459024198074,-0.731677326371404,0.8027719457117584,0.4017999726544868,0.23320652425837343
2025-09-30T17:48:31,255.47866821289062,402.5252990722656,174.4219970703125,397.4814453125,429.89014689127606,209.09101359049478,2160.820068359375,868.0860595703125,504.55682373046875,414.04498291015625,255.69983418782553,27.9742431640625,6100.07058207194,0.14229637021579827,0.0009506155175171959,-0.7316396858607942,0.8027719457117584,0.4017391694392286,0.23350247025128693
2025-09-30T17:48:33,255.47866821289062,402.5252990722656,174.2516632080078,397.4814453125,430.03026326497394,208.95689900716147,2161.520263671875,868.3580932617188,504.55682373046875,413.7684020996094,254.9575958251953,27.9742431640625,6099.859659830729,0.14223057452589555,0.0009531502209012962,-0.7320683992171179,0.8022545411361455,0.40173488440334976,0.23342683027794273
2025-09-30T17:48:35,255.47866821289062,402.5252990722656,174.2516632080078,397.4814453125,430.1703796386719,208.82278442382812,2160.820068359375,868.3580932617188,504.55682373046875,414.04498291015625,255.3287150065104,27.9742431640625,6099.813166300456,0.14227666313041912,0.0009500766629377023,-0.7317684462136687,0.8025135823169233,0.40186506316605464,0.23350247025128693
2025-09-30T17:48:37,255.47866821289062,402.5252990722656,174.2516632080078,397.4814453125,430.0302734375,208.95689900716147,2160.4698893229165,867.8140258789062,504.2779032389323,413.7684020996094,255.3287150065104,27.9742431640625,6098.357426961264,0.14229972399558172,0.0009531502209012962,-0.7318267856192703,0.8025135823169233,0.4016783710653223,0.2334112156485417
2025-09-30T17:48:40,255.47866821289062,402.5252990722656,174.2516632080078,397.4814453125,429.75002034505206,208.82278442382812,2160.1197102864585,867.8140258789062,504.2779032389323,413.4918212890625,255.3287150065104,27.9742431640625,6097.3162994384775,0.14232279233758136,0.0009500766629377023,-0.7318851478724762,0.8025135823169233,0.40174348752357963,0.2334490541600858
2025-09-30T17:48:42,255.47866821289062,402.74854532877606,174.2516632080078,397.4814453125,429.89014689127606,208.82278442382812,2159.76953125,868.3580932617188,504.55682373046875,413.4918212890625,254.9575958251953,27.9742431640625,6097.781361897787,0.14237170960439421,0.0009500766629377023,-0.7319763588684344,0.8022545411361455,0.402060535023449,0.23361604857831691
2025-09-30T17:48:44,255.47866821289062,402.5252990722656,174.2516632080078,397.4814453125,429.75002034505206,208.82278442382812,2159.76953125,867.8140258789062,504.55682373046875,413.2152404785156,255.3287150065104,27.9742431640625,6096.968460083008,0.14234586816005487,0.0009500766629377023,-0.7319435329867106,0.8025135823169233,0.4018086250974406,0.23361604857831691
2025-09-30T17:48:46,255.47866821289062,402.5252990722656,174.2516632080078,397.4814453125,429.89014689127606,208.82278442382812,2160.1197102864585,867.8140258789062,504.55682373046875,414.04498291015625,255.3287150065104,27.9742431640625,6098.288508097331,0.14232279233758136,0.0009500766629377023,-0.7316931465342571,0.8025135823169233,0.40174348752357963,0.233578176861114
2025-09-30T17:48:49,255.47866821289062,402.5252990722656,174.2516632080078,397.4814453125,430.0302734375,208.82278442382812,2159.76953125,867.5419921875,503.9989827473958,413.4918212890625,254.9575958251953,27.9742431640625,6096.324300130208,0.14234586816005487,0.0009500766629377023,-0.7319763588684344,0.8022545411361455,0.40168267013443637,0.23335776130506786
2025-09-30T17:48:51,255.47866821289062,402.5252990722656,174.2516632080078,397.4814453125,430.17038981119794,208.82278442382812,2159.76953125,867.2699584960938,504.2779032389323,413.2152404785156,254.9575958251953,27.9742431640625,6096.19472249349,0.14234586816005487,0.0009500766629377023,-0.7320724011890221,0.8022545411361455,0.40155671517143215,0.2334869049416924
2025-09-30T17:48:53,255.47866821289062,402.5252990722656,174.2516632080078,397.4814453125,430.0302734375,208.82278442382812,2159.76953125,867.5419921875,504.2779032389323,413.4918212890625,255.3287150065104,27.9742431640625,6096.9743398030605,0.14234586816005487,0.0009500766629377023,-0.731847504956516,0.8025135823169233,0.40168267013443637,0.2334869049416924
2025-09-30T17:48:55,255.47866821289062,402.5252990722656,174.4219970703125,397.4814453125,429.75002034505206,208.82278442382812,2159.4193522135415,867.2699584960938,504.55682373046875,413.4918212890625,254.9575958251953,27.9742431640625,6096.150009155273,0.1423886713351017,0.0009444723444562136,-0.7319387206738435,0.8022545411361455,0.4016218330205697,0.23365393257834152
2025-09-30T17:48:57,255.47866821289062,402.5252990722656,174.4219970703125,397.4814453125,429.89014689127606,208.82278442382812,2158.718994140625,867.2699584960938,503.7200622558594,413.4918212890625,254.9575958251953,27.9742431640625,6094.753016153972,0.14243486681294393,0.0009444723444562136,-0.7318634125628705,0.8022545411361455,0.4017521320978368,0.2333421179982658
2025-09-30T17:49:00,255.47866821289062,402.5252990722656,174.2516632080078,397.4814453125,429.75002034505206,208.82278442382812,2159.0691731770835,866.9979248046875,503.72007242838544,413.4918212890625,254.9575958251953,27.9742431640625,6094.520711263021,0.1423920422609826,0.0009500766629377023,-0.7319010719068073,0.8022545411361455,0.40156097617238207,0.23330427699412626
2025-09-30T17:49:02,255.47866821289062,402.5252990722656,174.2516632080078,397.4814453125,429.6098937988281,208.82278442382812,2159.0691731770835,867.2699584960938,504.2779032389323,413.2152404785156,254.9575958251953,27.9742431640625,6094.933868408204,0.1423920422609826,0.0009500766629377023,-0.7319971370308456,0.8022545411361455,0.4016869719926114,0.23356264333897384
2025-09-30T17:49:04,255.47866821289062,402.5252990722656,174.2516632080078,397.4814453125,429.6098937988281,208.82278442382812,2159.0691731770835,866.4538370768229,503.7200622558594,413.4918212890625,254.9575958251953,27.9742431640625,6093.836486816406,0.1423920422609826,0.0009500766629377023,-0.7319010719068073,0.8022545411361455,0.4013089751088571,0.23330427228259307
2025-09-30T17:49:06,255.47866821289062,402.5252990722656,174.2516632080078,397.4814453125,429.89014689127606,208.82278442382812,2158.3688151041665,867.5419921875,503.9989827473958,413.4918212890625,254.9575958251953,27.9742431640625,6094.78345743815,0.14243824632750668,0.0009500766629377023,-0.731825742637575,0.8022545411361455,0.4019433500505014,0.23350920344124412
2025-09-30T17:49:09,255.47866821289062,402.5252990722656,174.2516632080078,397.4814453125,429.75002034505206,208.82278442382812,2158.3688151041665,866.7258707682291,503.7200622558594,413.2152404785156,254.9575958251953,27.9742431640625,6093.271708170573,0.14243824632750668,0.0009500766629377023,-0.7319218305755315,0.8022545411361455,0.40156523051246895,0.23337997599430152
2025-09-30T17:49:11,255.47866821289062,402.5252990722656,174.2516632080078,397.4814453125,429.89014689127606,208.82278442382812,2158.0186360677085,866.9979248046875,503.44115193684894,413.2152404785156,254.9575958251953,27.9742431640625,6093.054799397786,0.1424613596069845,0.0009500766629377023,-0.7318841614753042,0.8022545411361455,0.4017564585931987,0.2332886025739832
2025-09-30T17:49:13,255.47866821289062,402.5252990722656,174.2516632080078,397.4814453125,429.75002034505206,208.82278442382812,2158.718994140625,866.7258707682291,503.16224161783856,413.2152404785156,254.9575958251953,27.9742431640625,6093.064066569011,0.14241514054672225,0.0009500766629377023,-0.7319594890925588,0.8022545411361455,0.40150009015567506,0.23308371445452764
2025-09-30T17:49:15,255.47866821289062,402.5252990722656,174.2516632080078,397.4814453125,429.6098937988281,208.82278442382812,2157.66845703125,866.1817830403646,503.44115193684894,413.2152404785156,254.9575958251953,27.9742431640625,6091.608225504557,0.14248448038880673,0.0009500766629377023,-0.7318464817874147,0.8022545411361455,0.40144341000013956,0.23332646417306246
2025-09-30T17:49:17,255.47866821289062,402.5252990722656,174.2516632080078,397.4814453125,429.6098937988281,208.82278442382812,2157.66845703125,866.4538370768229,503.44115193684894,413.2152404785156,254.9575958251953,27.9742431640625,6091.880279541016,0.14248448038880673,0.0009500766629377023,-0.7318464817874147,0.8022545411361455,0.40156949704357375,0.23332646417306246
2025-09-30T17:49:20,255.47866821289062,402.5252990722656,174.2516632080078,397.16025797526044,429.89014689127606,208.82278442382812,2158.3688151041665,866.4538370768229,503.44115193684894,413.2152404785156,254.9575958251953,27.9742431640625,6092.539703369141,0.1424010437726199,0.0009500766629377023,-0.7319218305755315,0.8022545411361455,0.40143919380849946,0.23325075326042088
2025-09-30T17:49:24,256.40685017903644,403.86480712890625,174.93299865722656,398.6056416829427,431.15122477213544,208.68865966796875,2157.3184407552085,865.6377156575521,502.8833312988281,414.04498291015625,256.0709533691406,27.9742431640625,6097.579849243164,0.14297962163807793,0.0009246471307172667,-0.73113373490145,0.8030296339773344,0.4012563464457848,0.23310574915531926
2025-09-30T17:49:26,255.47866821289062,402.74854532877606,174.76266479492188,397.6420491536458,430.1703796386719,209.22512817382812,2159.0691731770835,867.2699584960938,503.7200622558594,413.4918212890625,254.9575958251953,27.9742431640625,6096.510289510092,0.14249565770967773,0.0009425053341370043,-0.7319010719068073,0.8022545411361455,0.4016869719926114,0.23330427228259307
2025-09-30T17:50:20,258.26318359375,406.76710001627606,175.78466796875,400.2116292317708,433.25304158528644,216.60166931152344,2293.8797200520835,915.6934204101562,530.4958902994791,420.4064025878906,260.52435302734375,28.295785903930664,6340.176863988241,0.1352541035567428,0.0010720086838512518,-0.7415180128949456,0.8040594675382818,0.399189814708055,0.2312657833199005
2025-09-30T17:50:23,257.1029764811198,404.98106892903644,175.10333251953125,398.6056416829427,431.2913411458333,215.5287119547526,2276.0216471354165,906.9880777994791,525.4754231770834,419.0234781901042,259.0398864746094,27.9742431640625,6297.135828653972,0.1357404729836368,0.0010711605261047577,-0.7407076341335203,0.8050671358982928,0.3984971227936287,0.23087452785804685
2025-09-30T17:50:25,256.40685017903644,404.0880635579427,174.76266479492188,398.1238505045573,430.73085530598956,212.98045857747397,2236.103759765625,893.6580200195312,517.9447224934896,417.08740234375,257.55540974934894,27.9742431640625,6227.416300455729,0.13789402925177027,0.0010267795175367463,-0.7378424595143876,0.8040536744353775,0.39964962096088025,0.23162821502870576
2025-09-30T17:50:27,256.1748046875,403.86480712890625,174.76266479492188,397.9632568359375,430.5907389322917,211.63926696777344,2207.7410481770835,884.4085896809896,513.2031860351562,415.7044677734375,256.8131815592448,27.9742431640625,6180.840255737305,0.13959580251329198,0.0009970248692250695,-0.7356455648792897,0.8035429886608118,0.4005943497817553,0.23245624139611146
2025-09-30T17:50:29,256.1748046875,403.1950378417969,174.76266479492188,397.8026529947917,430.17038981119794,210.70044453938803,2191.9839680989585,878.9677530924479,510.13511149088544,415.15130615234375,256.0709533691406,27.9742431640625,6153.0893300374355,0.14050458149420575,0.0009759714927879675,-0.7344423321243749,0.8030296339773344,0.4009918712383422,0.23272757415890694
2025-09-30T17:50:32,255.94275919596353,403.1950378417969,174.76266479492188,397.8026529947917,430.17038981119794,210.29808553059897,2181.479248046875,875.4311930338541,508.1827087402344,414.8747253417969,256.0709533691406,27.9742431640625,6136.184661865234,0.14115457618153415,0.0009668909259661802,-0.7334293004347983,0.8030296339773344,0.4013016368675734,0.23295326288124044
2025-09-30T17:51:10,258.26318359375,406.76710001627606,175.9550018310547,400.3722229003906,433.25304158528644,216.19931030273438,2284.4253743489585,911.0687052408854,527.9856567382812,420.12982177734375,260.1532389322917,28.617328643798828,6323.189985911053,0.13585008316317265,0.001057909575479364,-0.7408017835283889,0.8017988544746119,0.39881745119405887,0.23112405538252814
2025-09-30T17:51:12,257.1029764811198,404.98106892903644,175.10333251953125,398.6056416829427,431.7117106119792,215.2604777018229,2271.4696451822915,904.2676595052084,524.0808512369791,418.74688720703125,258.66876220703125,27.9742431640625,6287.973256429036,0.13601249550414468,0.0010653789692295409,-0.7404714211088542,0.8048147511721314,0.3980980601801696,0.230723246664791
2025-09-30T17:51:14,256.63889567057294,404.3113199869792,174.93299865722656,398.4450378417969,430.73085530598956,213.11457316080728,2233.6526692708335,892.8418986002604,517.6658121744791,417.08740234375,257.55540974934894,27.9742431640625,6224.951115926107,0.13815131926481625,0.001024162675036324,-0.737592526284103,0.8040536744353775,0.3997227997366864,0.2317575240305687
